AB1,57.1,-2.24
AB10,57.15,-2.1
AB11,57.15,-2.1
AB12,57.13,-2.1
AB13,57.1,-2.24
AB14,57.1,-2.27
AB15,57.14,-2.13
AB16,57.15,-2.15
AB2,57.21,-2.19
AB21,57.26,-2.16
AB22,57.18,-2.12
AB23,57.19,-2.1
AB24,57.17,-2.09
AB25,57.15,-2.1
AB3,56.83,-2.46
AB30,56.83,-2.46
AB31,57.08,-2.35
AB32,57.16,-2.29
AB33,57.23,-2.7
AB34,57.1,-2.64
AB35,57.01,-3.4
AB36,57.2,-3.04
AB37,57.41,-3.36
AB38,57.53,-3.21
AB39,56.96,-2.21
AB4,57.32,-2
AB41,57.33,-2
AB42,57.42,-1.91
AB43,57.69,-2.01
AB44,57.67,-2.48
AB45,57.66,-2.52
AB5,57.33,-2.32
AB51,57.34,-2.32
AB52,57.34,-2.54
AB53,57.54,-2.46
AB54,57.43,-2.75
AB55,57.54,-2.95
AB56,57.67,-2.96
AB9,57.14,-2.1
AB99,57.11,-2.09
AL1,51.75,-0.34
AL10,51.76,-0.23
AL2,51.72,-0.31
AL3,51.74,-0.35
AL4,51.74,-0.31
AL5,51.81,-0.34
AL6,51.82,-0.18
AL7,51.8,-0.2
AL8,51.8,-0.21
AL9,51.76,-0.23
B1,52.48,-1.9
B10,52.47,-1.88
B11,52.46,-1.87
B12,52.47,-1.88
B13,52.43,-1.88
B14,52.42,-1.89
B15,52.48,-1.91
B16,52.48,-1.93
B17,52.46,-1.96
B18,52.49,-1.94
B19,52.5,-1.92
B2,52.5,-1.89
B20,52.52,-1.93
B21,52.51,-1.96
B22,52.41,-1.93
B23,52.52,-1.84
B24,52.53,-1.83
B25,52.46,-1.82
B26,52.46,-1.81
B27,52.45,-1.82
B28,52.43,-1.85
B29,52.44,-1.95
B3,52.48,-1.9
B30,52.42,-1.93
B31,52.43,-1.98
B32,52.46,-2.01
B33,52.48,-1.78
B34,52.49,-1.81
B35,52.52,-1.8
B36,52.5,-1.77
B37,52.48,-1.75
B38,52.41,-1.92
B4,52.48,-1.9
B40,52.45,-1.72
B42,52.52,-1.9
B43,52.54,-1.95
B44,52.54,-1.87
B45,52.4,-2.05
B46,52.5,-1.71
B47,52.4,-1.88
B48,52.37,-1.96
B49,52.21,-1.87
B5,52.48,-1.9
B50,52.17,-1.85
B6,52.5,-1.89
B60,52.34,-2.05
B61,52.32,-2.06
B62,52.45,-2.03
B63,52.45,-2.07
B64,52.47,-2.09
B65,52.48,-2.05
B66,52.5,-1.97
B67,52.48,-1.97
B68,52.47,-1.98
B69,52.49,-2.03
B7,52.49,-1.89
B70,52.53,-2.02
B71,52.53,-1.99
B72,52.56,-1.83
B73,52.54,-1.86
B74,52.56,-1.88
B75,52.58,-1.83
B76,52.53,-1.73
B77,52.63,-1.69
B78,52.61,-1.63
B79,52.65,-1.67
B8,52.48,-1.86
B80,52.27,-1.89
B9,52.48,-1.88
B90,52.4,-1.85
B91,52.42,-1.78
B92,52.43,-1.7
B93,52.39,-1.72
B94,52.34,-1.81
B95,52.3,-1.78
B96,52.26,-1.94
B97,52.31,-1.94
B98,52.29,-1.89
B99,52.5,-1.89
BA1,51.38,-2.36
BA10,51.11,-2.45
BA11,51.23,-2.32
BA12,51.21,-2.18
BA13,51.26,-2.2
BA14,51.32,-2.21
BA15,51.35,-2.25
BA16,51.13,-2.73
BA2,51.34,-2.48
BA20,50.94,-2.64
BA21,50.95,-2.64
BA22,51.07,-2.52
BA3,51.34,-2.48
BA4,51.17,-2.62
BA5,51.22,-2.66
BA6,51.15,-2.72
BA7,51.09,-2.51
BA8,51.03,-2.46
BA9,51.06,-2.41
BB0,53.75,-2.46
BB1,53.75,-2.48
BB10,53.8,-2.24
BB11,53.79,-2.24
BB12,53.8,-2.25
BB18,53.92,-2.19
BB2,53.75,-2.49
BB3,53.71,-2.48
BB4,53.7,-2.28
BB5,53.75,-2.37
BB6,53.78,-2.41
BB7,53.87,-2.39
BB8,53.86,-2.17
BB9,53.83,-2.22
BB94,53.92,-2.14
BD1,53.8,-1.75
BD10,53.84,-1.74
BD11,53.76,-1.66
BD12,53.76,-1.77
BD13,53.77,-1.84
BD14,53.78,-1.82
BD15,53.82,-1.86
BD16,53.85,-1.84
BD17,53.85,-1.77
BD18,53.83,-1.76
BD19,53.72,-1.72
BD2,53.81,-1.76
BD20,53.91,-1.94
BD21,53.87,-1.91
BD22,53.89,-2.04
BD23,53.96,-2.03
BD24,54.07,-2.29
BD3,53.8,-1.73
BD4,53.77,-1.71
BD5,53.79,-1.76
BD6,53.77,-1.76
BD7,53.79,-1.76
BD8,53.8,-1.81
BD9,53.81,-1.78
BD97,53.85,-1.84
BD98,53.84,-1.78
BD99,53.79,-1.78
BH1,50.73,-1.86
BH10,50.75,-1.9
BH11,50.76,-1.92
BH12,50.72,-1.91
BH13,50.72,-1.91
BH14,50.73,-1.94
BH15,50.72,-1.99
BH16,50.73,-2.02
BH17,50.75,-1.97
BH18,50.75,-1.97
BH19,50.61,-1.96
BH2,50.72,-1.88
BH20,50.7,-2.11
BH21,50.8,-1.99
BH22,50.81,-1.89
BH23,50.73,-1.78
BH24,50.85,-1.79
BH25,50.76,-1.64
BH3,50.73,-1.87
BH31,50.88,-1.88
BH4,50.72,-1.9
BH5,50.72,-1.85
BH6,50.73,-1.79
BH7,50.73,-1.84
BH8,50.76,-1.86
BH9,50.74,-1.88
BL0,53.65,-2.31
BL1,53.58,-2.43
BL11,53.57,-2.43
BL2,53.58,-2.42
BL3,53.56,-2.37
BL4,53.55,-2.41
BL5,53.55,-2.47
BL6,53.58,-2.5
BL7,53.64,-2.4
BL78,53.55,-2.4
BL8,53.6,-2.31
BL9,53.59,-2.3
BN1,50.83,-0.14
BN10,50.79,-0.02
BN11,50.81,-0.37
BN12,50.81,-0.41
BN13,50.82,-0.39
BN14,50.84,-0.39
BN15,50.83,-0.33
BN16,50.82,-0.49
BN17,50.81,-0.54
BN18,50.86,-0.57
BN2,50.82,-0.12
BN20,50.75,0.21
BN21,50.77,0.28
BN22,50.79,0.26
BN23,50.79,0.33
BN24,50.82,0.31
BN25,50.77,0.1
BN26,50.82,0.24
BN27,50.86,0.26
BN3,50.83,-0.16
BN4,50.83,-0.21
BN41,50.83,-0.21
BN42,50.83,-0.23
BN43,50.84,-0.27
BN44,50.91,-0.33
BN45,50.89,-0.21
BN5,50.92,-0.26
BN50,50.83,-0.14
BN51,50.8,-0.06
BN52,50.83,-0.17
BN6,50.92,-0.14
BN7,50.87,0.01
BN8,50.91,0.17
BN88,50.82,-0.13
BN9,50.8,0.05
BN99,50.81,-0.37
BR1,51.41,0.02
BR2,51.41,-0.01
BR3,51.41,-0.03
BR4,51.38,-0.01
BR5,51.39,0.06
BR6,51.37,0.09
BR7,51.42,0.07
BR8,51.37,0.05
BS0,51.34,-2.96
BS1,51.45,-2.58
BS10,51.49,-2.59
BS11,51.5,-2.68
BS12,51.54,-2.55
BS13,51.41,-2.6
BS14,51.42,-2.58
BS15,51.46,-2.51
BS16,51.48,-2.53
BS17,51.51,-2.5
BS18,51.41,-2.5
BS19,51.43,-2.75
BS2,51.46,-2.58
BS20,51.48,-2.69
BS21,51.43,-2.85
BS22,51.36,-2.93
BS23,51.35,-2.98
BS24,51.31,-2.95
BS25,51.31,-2.83
BS26,51.29,-2.82
BS27,51.28,-2.78
BS28,51.23,-2.81
BS29,51.33,-2.87
BS3,51.45,-2.59
BS30,51.45,-2.46
BS31,51.41,-2.5
BS32,51.53,-2.57
BS34,51.53,-2.58
BS35,51.62,-2.51
BS36,51.51,-2.5
BS37,51.54,-2.41
BS39,51.37,-2.55
BS4,51.43,-2.58
BS40,51.36,-2.79
BS41,51.44,-2.6
BS48,51.43,-2.75
BS49,51.39,-2.82
BS5,51.46,-2.57
BS6,51.47,-2.59
BS7,51.49,-2.58
BS77,51.44,-2.6
BS8,51.46,-2.61
BS80,51.34,-2.96
BS9,51.49,-2.62
BS98,51.46,-2.59
BS99,51.46,-2.57
BT1,54.6,-5.92
BT10,54.57,-5.97
BT11,54.58,-5.98
BT12,54.6,-5.94
BT13,54.61,-5.93
BT14,54.61,-5.94
BT15,54.6,-5.93
BT16,54.59,-5.81
BT17,54.55,-6.01
BT18,54.65,-5.82
BT19,54.65,-5.69
BT2,54.6,-5.94
BT20,54.66,-5.67
BT21,54.64,-5.54
BT22,54.46,-5.49
BT23,54.59,-5.69
BT24,54.46,-5.83
BT25,54.42,-6.15
BT26,54.47,-6.08
BT27,54.51,-6.04
BT28,54.51,-6.04
BT29,54.63,-6.21
BT3,54.61,-5.92
BT30,54.34,-5.71
BT31,54.26,-5.97
BT32,54.36,-6.23
BT33,54.21,-5.89
BT34,54.23,-6.35
BT35,54.19,-6.58
BT36,54.67,-5.99
BT37,54.67,-5.9
BT38,54.72,-5.81
BT39,54.7,-6.09
BT4,54.6,-5.91
BT40,54.85,-5.82
BT41,54.72,-6.21
BT42,54.86,-6.29
BT43,54.86,-6.28
BT44,54.97,-5.95
BT45,54.76,-6.61
BT46,54.84,-6.67
BT47,54.99,-7.31
BT48,55.01,-7.32
BT49,55.05,-6.95
BT5,54.6,-5.92
BT51,55.13,-6.68
BT52,55.13,-6.67
BT53,55.07,-6.52
BT54,55.2,-6.25
BT55,55.18,-6.72
BT56,55.2,-6.65
BT57,55.2,-6.55
BT6,54.58,-5.91
BT60,54.34,-6.63
BT61,54.35,-6.65
BT62,54.42,-6.44
BT63,54.43,-6.44
BT64,54.45,-6.39
BT65,54.45,-6.38
BT66,54.46,-6.33
BT67,54.51,-6.3
BT68,54.35,-6.83
BT69,54.41,-6.97
BT7,54.59,-5.93
BT70,54.5,-6.77
BT71,54.51,-6.77
BT74,54.36,-7.59
BT75,54.38,-7.31
BT76,54.41,-7.17
BT77,54.43,-7.13
BT78,54.6,-7.3
BT79,54.6,-7.3
BT8,54.57,-5.91
BT80,54.66,-6.62
BT81,54.71,-7.59
BT82,54.84,-7.43
BT9,54.58,-5.94
BT92,54.24,-7.43
BT93,54.54,-7.61
BT94,54.45,-7.66
BT99,54.6,-5.92
CA1,54.89,-2.94
CA10,54.75,-2.71
CA11,54.66,-2.78
CA12,54.6,-3.13
CA13,54.66,-3.37
CA14,54.65,-3.54
CA15,54.72,-3.5
CA16,54.58,-2.5
CA17,54.47,-2.35
CA18,54.36,-3.39
CA19,54.39,-3.38
CA2,54.88,-2.92
CA20,54.42,-3.44
CA21,54.45,-3.51
CA22,54.48,-3.53
CA23,54.51,-3.53
CA24,54.52,-3.55
CA25,54.52,-3.52
CA26,54.53,-3.5
CA27,54.49,-3.59
CA28,54.54,-3.59
CA3,54.91,-2.94
CA4,54.86,-2.89
CA5,54.77,-3.23
CA6,54.95,-3
CA7,54.82,-3.18
CA8,54.94,-2.73
CA9,54.81,-2.45
CA95,54.65,-3.57
CA99,54.89,-2.94
CB1,52.21,0.15
CB10,52.02,0.24
CB11,52.02,0.25
CB2,52.17,0.13
CB21,52.1,0.29
CB22,52.17,0.16
CB23,52.16,0.01
CB24,52.26,0.06
CB25,52.28,0.33
CB3,52.21,0.11
CB4,52.23,0.14
CB5,52.28,0.33
CB6,52.4,0.26
CB7,52.4,0.27
CB8,52.25,0.4
CB9,52.09,0.44
CF1,51.47,-3.19
CF10,51.48,-3.18
CF11,51.45,-3.19
CF14,51.55,-3.19
CF15,51.54,-3.26
CF2,51.48,-3.17
CF23,51.5,-3.12
CF24,51.48,-3.17
CF3,51.52,-3.11
CF30,51.52,-3.12
CF31,51.51,-3.58
CF32,51.53,-3.64
CF33,51.52,-3.67
CF34,51.61,-3.65
CF35,51.49,-3.59
CF36,51.48,-3.71
CF37,51.6,-3.35
CF38,51.56,-3.31
CF39,51.61,-3.41
CF4,51.51,-3.22
CF40,51.62,-3.45
CF41,51.65,-3.49
CF42,51.67,-3.53
CF43,51.65,-3.43
CF44,51.71,-3.42
CF45,51.68,-3.38
CF46,51.66,-3.31
CF47,51.74,-3.37
CF48,51.73,-3.37
CF5,51.49,-3.23
CF6,51.44,-3.17
CF61,51.41,-3.48
CF62,51.42,-3.31
CF63,51.41,-3.26
CF64,51.44,-3.17
CF7,51.46,-3.44
CF71,51.46,-3.44
CF72,51.53,-3.39
CF8,51.57,-3.22
CF81,51.69,-3.23
CF82,51.65,-3.24
CF83,51.57,-3.22
CF91,51.47,-3.19
CF95,51.48,-3.17
CF99,51.46,-3.16
CH1,53.19,-2.89
CH2,53.2,-2.89
CH25,53.4,-3.01
CH26,53.37,-3.07
CH27,53.42,-3.02
CH28,53.4,-3.11
CH29,53.39,-3.18
CH3,53.19,-2.86
CH30,53.38,-3.1
CH31,53.33,-3.1
CH32,53.36,-3
CH33,53.29,-3.06
CH34,53.29,-2.91
CH4,53.16,-2.99
CH41,53.4,-3.05
CH42,53.38,-3.03
CH43,53.37,-3.07
CH44,53.42,-3.04
CH45,53.43,-3.06
CH46,53.4,-3.11
CH47,53.4,-3.17
CH48,53.37,-3.19
CH49,53.38,-3.1
CH5,53.21,-3.04
CH6,53.25,-3.13
CH60,53.33,-3.1
CH61,53.35,-3.12
CH62,53.31,-2.96
CH63,53.32,-2.99
CH64,53.29,-3.06
CH65,53.28,-2.9
CH66,53.27,-2.97
CH7,53.17,-3.14
CH70,53.19,-2.92
CH8,53.27,-3.22
CH88,53.19,-2.88
CH99,53.2,-2.88
CM0,51.66,0.83
CM1,51.74,0.48
CM11,51.63,0.43
CM12,51.63,0.42
CM13,51.63,0.33
CM14,51.62,0.3
CM15,51.67,0.27
CM16,51.7,0.11
CM17,51.78,0.13
CM18,51.76,0.1
CM19,51.77,0.09
CM2,51.73,0.47
CM20,51.77,0.09
CM21,51.8,0.14
CM22,51.92,0.25
CM23,51.94,0.15
CM24,51.88,0.22
CM3,51.79,0.47
CM4,51.67,0.38
CM5,51.71,0.24
CM6,51.87,0.36
CM7,51.88,0.57
CM77,51.88,0.51
CM8,51.8,0.64
CM9,51.74,0.69
CM92,51.77,0.06
CM98,51.75,0.52
CM99,51.72,0.5
CO1,51.89,0.9
CO10,52.05,0.74
CO11,51.95,1.06
CO12,51.94,1.28
CO13,51.84,1.25
CO14,51.85,1.27
CO15,51.79,1.14
CO16,51.87,1.15
CO2,51.86,0.91
CO3,51.89,0.84
CO4,51.89,0.92
CO5,51.81,0.75
CO6,51.9,0.75
CO7,51.81,1.02
CO8,51.97,0.78
CO9,51.94,0.63
CR0,51.34,-0.01
CR2,51.35,-0.09
CR3,51.31,-0.08
CR4,51.41,-0.15
CR44,51.38,-0.13
CR5,51.31,-0.14
CR6,51.28,-0.07
CR7,51.39,-0.12
CR8,51.34,-0.11
CR9,51.38,-0.09
CR90,51.38,-0.09
CT1,51.28,1.09
CT10,51.36,1.44
CT11,51.33,1.4
CT12,51.33,1.31
CT13,51.27,1.33
CT14,51.22,1.37
CT15,51.2,1.27
CT16,51.13,1.31
CT17,51.13,1.31
CT18,51.1,1.17
CT19,51.08,1.16
CT2,51.3,1.11
CT20,51.08,1.18
CT21,51.08,1.08
CT3,51.27,1.22
CT4,51.26,1.11
CT5,51.36,1.03
CT50,51.08,1.14
CT6,51.36,1.12
CT7,51.35,1.26
CT8,51.38,1.34
CT9,51.39,1.38
CV1,52.41,-1.51
CV10,52.53,-1.46
CV11,52.52,-1.46
CV12,52.48,-1.49
CV13,52.6,-1.42
CV2,52.45,-1.45
CV21,52.38,-1.25
CV22,52.37,-1.26
CV23,52.41,-1.24
CV3,52.41,-1.48
CV31,52.29,-1.53
CV32,52.29,-1.53
CV33,52.15,-1.38
CV34,52.28,-1.59
CV35,52.22,-1.51
CV36,52.06,-1.62
CV37,52.2,-1.71
CV4,52.41,-1.51
CV47,52.25,-1.4
CV5,52.4,-1.53
CV6,52.42,-1.53
CV7,52.39,-1.66
CV8,52.34,-1.58
CV9,52.58,-1.55
CW1,53.09,-2.43
CW10,53.19,-2.44
CW11,53.14,-2.37
CW12,53.16,-2.22
CW2,53.08,-2.43
CW3,52.99,-2.51
CW4,53.2,-2.36
CW5,53.07,-2.52
CW6,53.16,-2.67
CW7,53.19,-2.52
CW8,53.17,-2.52
CW9,53.26,-2.51
CW98,53.09,-2.43
DA1,51.44,0.21
DA10,51.45,0.31
DA11,51.44,0.37
DA12,51.44,0.37
DA13,51.37,0.36
DA14,51.43,0.11
DA15,51.44,0.1
DA16,51.46,0.13
DA17,51.49,0.15
DA18,51.5,0.15
DA2,51.44,0.24
DA3,51.39,0.3
DA4,51.37,0.21
DA5,51.44,0.15
DA6,51.45,0.14
DA7,51.46,0.13
DA8,51.49,0.17
DA9,51.45,0.28
DD1,56.46,-2.97
DD10,56.76,-2.47
DD11,56.56,-2.58
DD2,56.46,-2.99
DD3,56.49,-2.99
DD4,56.49,-2.93
DD5,56.47,-2.88
DD6,56.44,-2.94
DD7,56.5,-2.71
DD8,56.64,-2.89
DD9,56.73,-2.66
DE1,52.92,-1.47
DE11,52.77,-1.56
DE12,52.73,-1.53
DE13,52.82,-1.67
DE14,52.8,-1.64
DE15,52.81,-1.61
DE2,52.89,-1.44
DE21,52.95,-1.44
DE22,52.93,-1.48
DE23,52.9,-1.51
DE24,52.89,-1.44
DE3,52.92,-1.55
DE4,53.22,-1.67
DE45,53.22,-1.67
DE5,53.02,-1.45
DE55,53.08,-1.4
DE56,53.01,-1.43
DE6,53.01,-1.74
DE65,52.87,-1.64
DE7,52.98,-1.32
DE72,52.86,-1.38
DE73,52.82,-1.42
DE74,52.84,-1.28
DE75,53.01,-1.35
DE99,52.92,-1.47
DG1,55.07,-3.61
DG10,55.33,-3.44
DG11,55.09,-3.33
DG12,54.99,-3.26
DG13,55.15,-3
DG14,55.08,-2.94
DG16,55,-3.07
DG2,55.07,-3.62
DG3,55.24,-3.79
DG4,55.36,-3.92
DG5,54.93,-3.82
DG6,54.84,-4.05
DG7,54.94,-3.93
DG8,54.88,-4.82
DG9,54.91,-5.03
DH1,54.78,-1.57
DH2,54.88,-1.58
DH3,54.9,-1.58
DH4,54.84,-1.47
DH5,54.81,-1.45
DH6,54.78,-1.51
DH7,54.83,-1.71
DH8,54.86,-1.85
DH9,54.87,-1.7
DH97,54.79,-1.54
DH98,54.93,-1.62
DH99,54.79,-1.54
DL1,54.52,-1.55
DL10,54.41,-1.74
DL11,54.4,-1.81
DL12,54.61,-2
DL13,54.77,-2.22
DL14,54.66,-1.73
DL15,54.71,-1.69
DL16,54.7,-1.6
DL17,54.68,-1.54
DL2,54.51,-1.47
DL3,54.55,-1.55
DL4,54.63,-1.65
DL5,54.63,-1.56
DL6,54.34,-1.43
DL7,54.39,-1.49
DL8,54.29,-1.59
DL9,54.38,-1.74
DL98,54.53,-1.56
DN1,53.52,-1.13
DN10,53.45,-0.85
DN11,53.48,-1.07
DN12,53.48,-1.19
DN14,53.69,-1.03
DN15,53.62,-0.57
DN16,53.58,-0.66
DN17,53.58,-0.66
DN18,53.69,-0.45
DN19,53.68,-0.38
DN2,53.53,-1.13
DN20,53.57,-0.55
DN21,53.39,-0.77
DN22,53.33,-0.82
DN3,53.58,-1.07
DN31,53.57,-0.08
DN32,53.55,-0.08
DN33,53.55,-0.1
DN34,53.56,-0.1
DN35,53.55,-0.02
DN36,53.53,-0.03
DN37,53.54,-0.12
DN38,53.6,-0.39
DN39,53.58,-0.35
DN4,53.52,-1.14
DN40,53.62,-0.2
DN41,53.58,-0.18
DN5,53.55,-1.15
DN55,53.51,-1.13
DN6,53.61,-1.15
DN7,53.58,-1.02
DN8,53.61,-0.97
DN9,53.52,-0.81
DT1,50.72,-2.44
DT10,50.93,-2.3
DT11,50.8,-2.23
DT2,50.78,-2.57
DT3,50.61,-2.49
DT4,50.61,-2.46
DT5,50.56,-2.45
DT6,50.73,-2.76
DT7,50.73,-2.94
DT8,50.81,-2.74
DT9,50.95,-2.51
DY1,52.51,-2.09
DY10,52.39,-2.25
DY11,52.39,-2.26
DY12,52.4,-2.32
DY13,52.34,-2.28
DY14,52.37,-2.5
DY2,52.48,-2.08
DY3,52.54,-2.1
DY4,52.54,-2.04
DY5,52.48,-2.1
DY6,52.49,-2.19
DY7,52.46,-2.21
DY8,52.46,-2.15
DY9,52.38,-2.12
E1,51.51,-0.05
E10,51.57,-0.01
E11,51.56,0.01
E12,51.55,0.05
E13,51.53,0.02
E14,51.51,-0.02
E15,51.55,0.01
E16,51.51,0.02
E17,51.59,-0.02
E18,51.59,0.03
E1W,51.51,-0.07
E2,51.53,-0.07
E20,51.55,-0.01
E3,51.53,-0.03
E4,51.63,0.01
E5,51.56,-0.05
E6,51.54,0.04
E7,51.55,0.02
E77,51.51,-0.07
E8,51.54,-0.06
E9,51.55,-0.04
E98,51.51,-0.06
EC1A,51.53,-0.11
EC1M,51.52,-0.11
EC1N,51.52,-0.11
EC1P,51.52,-0.11
EC1R,51.52,-0.11
EC1V,51.52,-0.1
EC1Y,51.52,-0.1
EC2A,51.52,-0.09
EC2M,51.52,-0.08
EC2N,51.51,-0.08
EC2P,51.52,-0.11
EC2R,51.52,-0.09
EC2V,51.52,-0.09
EC2Y,51.52,-0.1
EC3A,51.51,-0.08
EC3B,51.51,-0.08
EC3M,51.51,-0.09
EC3N,51.51,-0.08
EC3P,51.52,-0.11
EC3R,51.51,-0.08
EC3V,51.51,-0.08
EC4A,51.52,-0.11
EC4M,51.52,-0.1
EC4N,51.51,-0.09
EC4P,51.52,-0.11
EC4R,51.51,-0.09
EC4V,51.51,-0.09
EC4Y,51.51,-0.1
EC50,51.52,-0.11
EC88,51.53,-0.08
EH1,55.95,-3.19
EH10,55.94,-3.21
EH11,55.94,-3.22
EH12,55.95,-3.32
EH13,55.91,-3.25
EH14,55.93,-3.24
EH15,55.95,-3.12
EH16,55.93,-3.15
EH17,55.91,-3.13
EH18,55.88,-3.11
EH19,55.88,-3.11
EH2,55.96,-3.19
EH20,55.87,-3.1
EH21,55.94,-3.06
EH22,55.89,-3.07
EH23,55.85,-3.05
EH24,55.85,-3.14
EH25,55.86,-3.16
EH26,55.83,-3.23
EH27,55.89,-3.42
EH28,55.92,-3.4
EH29,55.96,-3.4
EH3,55.96,-3.2
EH30,55.97,-3.35
EH31,56.03,-2.83
EH32,55.97,-2.96
EH33,55.95,-2.95
EH34,55.91,-2.9
EH35,55.91,-2.95
EH36,55.87,-2.88
EH37,55.86,-2.97
EH38,55.78,-2.96
EH39,56.06,-2.72
EH4,55.96,-3.23
EH40,55.99,-2.66
EH41,55.96,-2.78
EH42,56,-2.52
EH43,55.62,-3.01
EH44,55.62,-3.06
EH45,55.65,-3.19
EH46,55.73,-3.38
EH47,55.86,-3.72
EH48,55.9,-3.64
EH49,55.98,-3.59
EH5,55.98,-3.22
EH51,56.02,-3.61
EH52,55.93,-3.47
EH53,55.89,-3.48
EH54,55.89,-3.51
EH55,55.85,-3.57
EH6,55.98,-3.18
EH7,55.96,-3.18
EH8,55.96,-3.15
EH9,55.93,-3.19
EH91,55.92,-3.31
EH95,55.98,-3.25
EH99,55.95,-3.17
EN1,51.65,-0.08
EN10,51.73,-0.03
EN11,51.76,-0.01
EN2,51.66,-0.08
EN3,51.64,-0.05
EN4,51.65,-0.15
EN5,51.64,-0.17
EN6,51.7,-0.19
EN7,51.66,-0.08
EN8,51.71,-0.04
EN9,51.69,-0.01
EX1,50.72,-3.53
EX10,50.72,-3.29
EX11,50.75,-3.28
EX12,50.71,-3.07
EX13,50.78,-3
EX14,50.8,-3.19
EX15,50.86,-3.39
EX16,50.9,-3.49
EX17,50.8,-3.65
EX18,50.92,-3.87
EX19,50.91,-4.07
EX2,50.72,-3.53
EX20,50.74,-4
EX21,50.78,-4.19
EX22,50.81,-4.35
EX23,50.79,-4.55
EX24,50.74,-3.07
EX3,50.68,-3.46
EX31,51.08,-4.06
EX32,51.05,-4.05
EX33,51.11,-4.16
EX34,51.2,-4.03
EX35,51.23,-3.83
EX36,51.02,-3.84
EX37,51,-3.98
EX38,50.96,-4.15
EX39,51.04,-4.24
EX4,50.76,-3.49
EX5,50.71,-3.45
EX6,50.73,-3.68
EX7,50.58,-3.46
EX8,50.62,-3.41
EX9,50.63,-3.33
FK1,56,-3.78
FK10,56.12,-3.79
FK11,56.15,-3.85
FK12,56.15,-3.8
FK13,56.15,-3.75
FK14,56.16,-3.67
FK15,56.19,-3.96
FK16,56.19,-4.06
FK17,56.24,-4.22
FK18,56.32,-4.33
FK19,56.39,-4.28
FK2,55.98,-3.73
FK20,56.42,-4.45
FK21,56.45,-4.33
FK3,56.01,-3.72
FK4,56,-3.89
FK5,56.02,-3.83
FK6,56.02,-3.91
FK7,56.09,-3.92
FK8,56.13,-3.94
FK9,56.13,-3.96
FY0,53.75,-3.01
FY1,53.82,-3.05
FY2,53.86,-3.04
FY3,53.82,-3
FY4,53.8,-3.05
FY5,53.88,-3.04
FY6,53.92,-3
FY7,53.92,-3.01
FY8,53.75,-3.03
G1,55.86,-4.24
G11,55.87,-4.31
G12,55.89,-4.32
G13,55.89,-4.33
G14,55.88,-4.35
G15,55.91,-4.36
G2,55.86,-4.25
G20,55.9,-4.3
G21,55.87,-4.22
G22,55.88,-4.26
G23,55.9,-4.28
G3,55.87,-4.28
G31,55.86,-4.22
G32,55.86,-4.15
G33,55.88,-4.17
G34,55.86,-4.11
G4,55.87,-4.24
G40,55.85,-4.23
G41,55.85,-4.29
G42,55.83,-4.24
G43,55.82,-4.3
G44,55.82,-4.26
G45,55.81,-4.23
G46,55.81,-4.3
G5,55.84,-4.24
G51,55.85,-4.3
G52,55.85,-4.33
G53,55.83,-4.35
G58,55.82,-4.33
G60,55.93,-4.49
G61,55.91,-4.33
G62,55.94,-4.31
G63,56.07,-4.44
G64,55.9,-4.2
G65,55.98,-4.05
G66,55.94,-4.16
G67,55.95,-3.99
G68,55.97,-4.02
G69,55.91,-4.08
G70,55.95,-3.98
G71,55.82,-4.05
G72,55.79,-4.09
G73,55.83,-4.2
G74,55.76,-4.18
G75,55.76,-4.19
G76,55.74,-4.27
G77,55.77,-4.34
G78,55.8,-4.4
G79,55.77,-4.22
G80,55.87,-4.24
G81,55.9,-4.39
G82,55.94,-4.57
G83,55.98,-4.58
G84,56.08,-4.83
G9,55.87,-4.24
G90,55.87,-4.24
GL1,51.86,-2.21
GL10,51.74,-2.28
GL11,51.68,-2.36
GL12,51.64,-2.35
GL13,51.69,-2.46
GL14,51.8,-2.45
GL15,51.76,-2.47
GL16,51.81,-2.62
GL17,51.86,-2.45
GL18,51.93,-2.4
GL19,51.88,-2.39
GL2,51.88,-2.22
GL20,51.99,-2.16
GL3,51.89,-2.19
GL4,51.84,-2.24
GL5,51.74,-2.22
GL50,51.9,-2.08
GL51,51.91,-2.11
GL52,51.9,-2.07
GL53,51.88,-2.08
GL54,51.93,-1.72
GL55,52.05,-1.78
GL56,51.99,-1.7
GL6,51.7,-2.22
GL7,51.7,-1.96
GL8,51.64,-2.16
GL9,51.55,-2.29
GU1,51.25,-0.58
GU10,51.23,-0.73
GU11,51.25,-0.76
GU12,51.24,-0.74
GU13,51.26,-0.83
GU14,51.29,-0.77
GU15,51.33,-0.72
GU16,51.32,-0.74
GU17,51.33,-0.78
GU18,51.35,-0.67
GU19,51.36,-0.69
GU2,51.23,-0.58
GU20,51.37,-0.66
GU21,51.32,-0.56
GU22,51.31,-0.57
GU23,51.3,-0.49
GU24,51.3,-0.64
GU25,51.4,-0.56
GU26,51.11,-0.73
GU27,51.1,-0.71
GU28,50.99,-0.61
GU29,51,-0.73
GU3,51.23,-0.63
GU30,51.08,-0.8
GU31,51,-0.94
GU32,51.03,-0.94
GU33,51.08,-0.89
GU34,51.15,-0.98
GU35,51.11,-0.85
GU4,51.25,-0.52
GU46,51.33,-0.83
GU47,51.35,-0.78
GU5,51.2,-0.56
GU51,51.3,-0.86
GU52,51.26,-0.85
GU6,51.14,-0.48
GU7,51.19,-0.61
GU8,51.17,-0.59
GU9,51.24,-0.81
GU95,51.33,-0.76
HA0,51.54,-0.3
HA1,51.58,-0.34
HA2,51.57,-0.35
HA3,51.58,-0.32
HA4,51.57,-0.41
HA5,51.59,-0.38
HA6,51.61,-0.42
HA7,51.61,-0.3
HA8,51.61,-0.27
HA9,51.56,-0.28
HD1,53.65,-1.78
HD2,53.66,-1.78
HD3,53.65,-1.8
HD4,53.64,-1.8
HD5,53.65,-1.74
HD6,53.7,-1.78
HD7,53.57,-1.79
HD8,53.64,-1.72
HD9,53.57,-1.79
HG1,53.99,-1.54
HG2,53.98,-1.55
HG3,53.96,-1.45
HG4,54.14,-1.52
HG5,54.01,-1.46
HP1,51.75,-0.47
HP10,51.59,-0.68
HP11,51.63,-0.75
HP12,51.64,-0.77
HP13,51.64,-0.74
HP14,51.64,-0.8
HP15,51.66,-0.73
HP16,51.7,-0.71
HP17,51.72,-0.83
HP18,51.79,-0.91
HP19,51.82,-0.81
HP2,51.75,-0.47
HP20,51.82,-0.81
HP21,51.81,-0.78
HP22,51.85,-0.87
HP23,51.79,-0.67
HP27,51.72,-0.83
HP3,51.73,-0.47
HP4,51.76,-0.57
HP5,51.71,-0.61
HP6,51.67,-0.6
HP7,51.67,-0.61
HP8,51.65,-0.55
HP9,51.61,-0.64
HR1,52.06,-2.71
HR2,51.97,-2.9
HR3,52.07,-3.13
HR4,52.06,-2.72
HR5,52.21,-3.03
HR6,52.24,-2.74
HR7,52.19,-2.51
HR8,52.04,-2.42
HR9,51.91,-2.58
HS1,58.21,-6.38
HS2,58.22,-6.35
HS3,57.99,-6.75
HS4,57.87,-6.7
HS5,57.77,-7.01
HS6,57.6,-7.16
HS7,57.47,-7.39
HS8,57.09,-7.3
HS9,56.96,-7.44
HU1,53.74,-0.33
HU10,53.75,-0.44
HU11,53.78,-0.25
HU12,53.7,-0.08
HU13,53.72,-0.43
HU14,53.72,-0.5
HU15,53.73,-0.58
HU16,53.78,-0.41
HU17,53.84,-0.43
HU18,53.91,-0.17
HU19,53.73,0.03
HU2,53.75,-0.34
HU20,53.79,-0.51
HU3,53.75,-0.35
HU4,53.74,-0.4
HU5,53.76,-0.35
HU6,53.8,-0.37
HU7,53.78,-0.34
HU8,53.78,-0.34
HU9,53.74,-0.33
HX1,53.72,-1.86
HX2,53.72,-1.9
HX3,53.71,-1.86
HX4,53.68,-1.89
HX5,53.68,-1.84
HX6,53.71,-1.92
HX7,53.73,-1.99
IG1,51.56,0.07
IG10,51.65,0.05
IG11,51.52,0.08
IG2,51.57,0.08
IG3,51.56,0.09
IG4,51.58,0.06
IG5,51.58,0.06
IG6,51.58,0.08
IG7,51.61,0.11
IG8,51.61,0.02
IG9,51.62,0.04
IP1,52.05,1.15
IP10,52.03,1.23
IP11,51.98,1.32
IP12,52.09,1.32
IP13,52.16,1.37
IP14,52.19,1
IP15,52.15,1.6
IP16,52.21,1.58
IP17,52.22,1.49
IP18,52.33,1.68
IP19,52.35,1.43
IP2,52.05,1.14
IP20,52.43,1.36
IP21,52.37,1.13
IP22,52.37,1.1
IP23,52.32,1.15
IP24,52.42,0.75
IP25,52.57,0.82
IP26,52.49,0.52
IP27,52.45,0.62
IP28,52.34,0.53
IP29,52.16,0.67
IP3,52.04,1.18
IP30,52.2,0.8
IP31,52.33,0.85
IP32,52.26,0.7
IP33,52.25,0.71
IP4,52.06,1.17
IP5,52.07,1.23
IP6,52.11,1.11
IP7,52.04,0.95
IP8,52.06,1.1
IP9,52.01,1.17
IP98,52.38,1.11
IV1,57.48,-4.22
IV10,57.59,-4.19
IV11,57.68,-4.04
IV12,57.58,-3.87
IV13,57.33,-4
IV14,57.6,-4.53
IV15,57.59,-4.42
IV16,57.67,-4.32
IV17,57.69,-4.25
IV18,57.69,-4.17
IV19,57.81,-4.05
IV2,57.24,-4.46
IV20,57.78,-3.97
IV21,57.7,-5.73
IV22,57.53,-5.53
IV23,57.68,-4.68
IV24,57.9,-4.35
IV25,57.88,-4.03
IV26,57.9,-5.17
IV27,58.11,-4.44
IV28,57.99,-4.16
IV3,57.47,-4.24
IV30,57.65,-3.32
IV31,57.72,-3.28
IV32,57.66,-3.11
IV33,57.53,-3.21
IV34,57.46,-3.3
IV35,57.46,-3.35
IV36,57.61,-3.61
IV4,57.5,-4.47
IV40,57.28,-5.71
IV41,57.27,-5.73
IV42,57.22,-5.67
IV43,57.14,-5.83
IV44,57.13,-5.97
IV45,57.06,-5.9
IV46,57.12,-5.99
IV47,57.33,-6.41
IV48,57.31,-6.11
IV49,57.25,-5.91
IV5,57.48,-4.42
IV51,57.42,-6.21
IV52,57.33,-5.67
IV53,57.34,-5.57
IV54,57.4,-5.5
IV55,57.52,-6.57
IV56,57.36,-6.41
IV6,57.48,-4.46
IV63,57.33,-4.48
IV7,57.56,-4.44
IV8,57.56,-4.24
IV9,57.57,-4.17
IV99,57.48,-4.22
KA1,55.61,-4.5
KA10,55.54,-4.66
KA11,55.62,-4.64
KA12,55.62,-4.67
KA13,55.65,-4.7
KA14,55.74,-4.68
KA15,55.75,-4.63
KA16,55.61,-4.33
KA17,55.61,-4.28
KA18,55.45,-4.27
KA19,55.35,-4.68
KA2,55.6,-4.53
KA20,55.64,-4.76
KA21,55.64,-4.79
KA22,55.65,-4.8
KA23,55.69,-4.86
KA24,55.71,-4.72
KA25,55.75,-4.69
KA26,55.23,-4.86
KA27,55.58,-5.15
KA28,55.75,-4.93
KA29,55.76,-4.85
KA3,55.61,-4.5
KA30,55.79,-4.87
KA4,55.6,-4.38
KA5,55.52,-4.38
KA6,55.48,-4.58
KA7,55.46,-4.63
KA8,55.47,-4.61
KA9,55.5,-4.61
KT1,51.41,-0.3
KT10,51.38,-0.34
KT11,51.33,-0.41
KT12,51.39,-0.42
KT13,51.37,-0.44
KT14,51.33,-0.51
KT15,51.37,-0.51
KT16,51.39,-0.53
KT17,51.34,-0.26
KT18,51.33,-0.27
KT19,51.36,-0.25
KT2,51.3,-0.42
KT20,51.29,-0.24
KT21,51.31,-0.3
KT22,51.3,-0.34
KT23,51.28,-0.39
KT24,51.27,-0.43
KT3,51.4,-0.26
KT4,51.38,-0.24
KT5,51.4,-0.3
KT6,51.39,-0.31
KT7,51.38,-0.32
KT8,51.4,-0.35
KT9,51.37,-0.31
KW1,58.44,-3.09
KW10,57.97,-3.98
KW11,58.39,-4.21
KW12,58.5,-3.48
KW13,58.45,-3.89
KW14,58.59,-3.52
KW15,58.98,-2.96
KW16,58.96,-3.3
KW17,59.16,-2.77
KW2,58.35,-3.17
KW3,58.31,-3.29
KW5,58.29,-3.35
KW6,58.25,-3.44
KW7,58.2,-3.48
KW8,58.12,-3.66
KW9,58.01,-3.85
KY1,56.11,-3.16
KY10,56.21,-2.76
KY11,56.03,-3.4
KY12,56.07,-3.45
KY13,56.18,-3.57
KY14,56.35,-3.24
KY15,56.32,-3.02
KY16,56.38,-2.89
KY2,56.12,-3.16
KY3,56.07,-3.24
KY4,56.13,-3.38
KY5,56.14,-3.28
KY6,56.19,-3.19
KY7,56.19,-3.16
KY8,56.17,-3.03
KY9,56.19,-2.84
KY99,56.05,-3.43
L1,53.4,-2.98
L10,53.47,-2.92
L11,53.46,-2.9
L12,53.44,-2.89
L13,53.44,-2.93
L14,53.42,-2.88
L15,53.4,-2.93
L16,53.39,-2.89
L17,53.37,-2.93
L18,53.39,-2.91
L19,53.36,-2.92
L2,53.41,-2.99
L20,53.45,-2.99
L21,53.48,-2.99
L22,53.48,-3.03
L23,53.49,-3.01
L24,53.35,-2.84
L25,53.36,-2.86
L26,53.36,-2.83
L27,53.37,-2.87
L28,53.44,-2.88
L29,53.5,-2.98
L3,53.41,-3
L30,53.49,-2.98
L31,53.52,-2.94
L32,53.48,-2.9
L33,53.48,-2.89
L34,53.45,-2.85
L35,53.42,-2.76
L36,53.4,-2.83
L37,53.56,-3.04
L38,53.53,-3.06
L39,53.54,-2.84
L4,53.43,-2.97
L40,53.61,-2.87
L41,53.4,-3.05
L42,53.39,-3.03
L43,53.37,-3.06
L44,53.42,-3.03
L45,53.43,-3.07
L46,53.4,-3.11
L47,53.4,-3.17
L48,53.37,-3.18
L49,53.39,-3.08
L5,53.43,-2.97
L6,53.43,-2.95
L60,53.33,-3.1
L61,53.33,-3.11
L62,53.32,-2.97
L63,53.32,-2.99
L64,53.28,-3.06
L65,53.28,-2.9
L66,53.27,-2.97
L67,53.45,-2.94
L68,53.47,-2.96
L69,53.41,-2.98
L7,53.41,-2.94
L70,53.49,-3.02
L71,53.47,-2.97
L72,53.49,-3.02
L73,53.38,-2.97
L74,53.39,-2.99
L75,53.4,-2.99
L8,53.39,-2.95
L80,53.47,-2.97
L9,53.47,-2.95
LA1,54.05,-2.8
LA10,54.32,-2.53
LA11,54.19,-2.91
LA12,54.2,-3.09
LA13,54.12,-3.2
LA14,54.12,-3.22
LA15,54.16,-3.18
LA16,54.19,-3.21
LA17,54.26,-3.14
LA18,54.21,-3.27
LA19,54.28,-3.38
LA2,54.02,-2.81
LA20,54.28,-3.21
LA21,54.37,-3.05
LA22,54.43,-2.96
LA23,54.39,-2.92
LA3,54.06,-2.87
LA4,54.07,-2.87
LA5,54.2,-2.84
LA6,54.14,-2.75
LA7,54.23,-2.77
LA8,54.29,-2.73
LA9,54.33,-2.75
LD1,52.24,-3.38
LD2,52.15,-3.4
LD3,52,-3.23
LD4,52.12,-3.56
LD5,52.14,-3.63
LD6,52.3,-3.51
LD7,52.34,-3.05
LD8,52.27,-3.01
LE1,52.63,-1.12
LE10,52.54,-1.37
LE11,52.77,-1.21
LE12,52.78,-1.13
LE13,52.75,-0.88
LE14,52.76,-0.74
LE15,52.67,-0.73
LE16,52.48,-0.91
LE17,52.45,-1.2
LE18,52.59,-1.11
LE19,52.58,-1.21
LE2,52.64,-1.12
LE21,52.63,-1.13
LE3,52.63,-1.15
LE4,52.64,-1.14
LE41,52.65,-1.12
LE5,52.64,-1.09
LE55,52.63,-1.13
LE6,52.69,-1.23
LE65,52.75,-1.47
LE67,52.73,-1.38
LE7,52.69,-1.09
LE8,52.54,-1.04
LE87,52.56,-1.18
LE9,52.57,-1.32
LE94,52.48,-0.91
LE95,52.61,-1.19
LL11,53.05,-3
LL12,53.11,-2.97
LL13,53,-2.91
LL14,53.01,-3.06
LL15,53.11,-3.31
LL16,53.18,-3.42
LL17,53.27,-3.42
LL18,53.32,-3.48
LL19,53.34,-3.4
LL20,52.93,-3.17
LL21,52.98,-3.37
LL22,53.28,-3.58
LL23,52.91,-3.6
LL24,53.09,-3.8
LL25,53.06,-3.87
LL26,53.14,-3.8
LL27,53.15,-3.83
LL28,53.3,-3.75
LL29,53.3,-3.73
LL30,53.32,-3.82
LL31,53.28,-3.8
LL32,53.28,-3.83
LL33,53.25,-3.98
LL34,53.27,-3.92
LL35,52.55,-4.05
LL36,52.59,-4.1
LL37,52.67,-4.08
LL38,52.7,-4.05
LL39,52.71,-4.01
LL40,52.74,-3.88
LL41,52.99,-3.93
LL42,52.72,-4.06
LL43,52.78,-4.09
LL44,52.79,-4.1
LL45,52.82,-4.1
LL46,52.86,-4.11
LL47,52.9,-4.07
LL48,52.93,-4.07
LL49,52.93,-4.14
LL51,52.97,-4.22
LL52,52.92,-4.23
LL53,52.88,-4.41
LL54,52.99,-4.42
LL55,53.14,-4.27
LL56,53.19,-4.21
LL57,53.23,-4.13
LL58,53.26,-4.09
LL59,53.23,-4.18
LL60,53.23,-4.28
LL61,53.22,-4.22
LL62,53.2,-4.41
LL63,53.19,-4.46
LL64,53.23,-4.52
LL65,53.31,-4.64
LL66,53.38,-4.39
LL67,53.41,-4.47
LL68,53.38,-4.42
LL69,53.39,-4.32
LL70,53.37,-4.3
LL71,53.33,-4.38
LL72,53.34,-4.25
LL73,53.33,-4.25
LL74,53.32,-4.23
LL75,53.27,-4.24
LL76,53.3,-4.24
LL77,53.25,-4.31
LL78,53.33,-4.29
LN1,53.23,-0.54
LN10,53.2,-0.25
LN11,53.38,0.01
LN12,53.34,0.26
LN13,53.26,0.17
LN2,53.23,-0.54
LN3,53.24,-0.46
LN4,53.23,-0.48
LN5,53.13,-0.52
LN6,53.21,-0.58
LN7,53.49,-0.34
LN8,53.38,-0.51
LN9,53.21,-0.12
LS1,53.8,-1.55
LS10,53.79,-1.53
LS11,53.78,-1.56
LS12,53.79,-1.56
LS13,53.82,-1.65
LS14,53.83,-1.46
LS15,53.8,-1.45
LS16,53.85,-1.61
LS17,53.94,-1.58
LS18,53.84,-1.64
LS19,53.86,-1.67
LS2,53.8,-1.55
LS20,53.87,-1.71
LS21,53.9,-1.69
LS22,53.93,-1.4
LS23,53.9,-1.34
LS24,53.89,-1.27
LS25,53.74,-1.6
LS26,53.76,-1.49
LS27,53.74,-1.61
LS28,53.8,-1.67
LS29,53.93,-1.83
LS3,53.8,-1.56
LS4,53.81,-1.6
LS5,53.82,-1.59
LS6,53.82,-1.57
LS7,53.81,-1.53
LS8,53.84,-1.52
LS88,53.74,-1.58
LS9,53.79,-1.51
LS98,53.77,-1.5
LS99,53.77,-1.5
LU1,51.88,-0.42
LU2,51.88,-0.4
LU3,51.89,-0.43
LU4,51.89,-0.47
LU5,51.88,-0.51
LU6,51.89,-0.53
LU7,51.94,-0.66
LU95,51.92,-0.66
M1,53.49,-2.23
M10,53.5,-2.19
M11,53.48,-2.19
M12,53.47,-2.22
M13,53.47,-2.22
M14,53.44,-2.22
M15,53.47,-2.25
M16,53.45,-2.27
M17,53.47,-2.28
M18,53.46,-2.18
M19,53.44,-2.19
M2,53.48,-2.24
M20,53.42,-2.23
M21,53.44,-2.28
M22,53.37,-2.26
M23,53.4,-2.27
M24,53.55,-2.2
M25,53.52,-2.28
M26,53.56,-2.33
M27,53.51,-2.35
M28,53.52,-2.42
M29,53.52,-2.49
M3,53.49,-2.25
M30,53.48,-2.34
M31,53.45,-2.35
M32,53.45,-2.31
M33,53.43,-2.32
M34,53.46,-2.11
M35,53.51,-2.16
M38,53.53,-2.43
M4,53.48,-2.24
M40,53.51,-2.18
M41,53.45,-2.36
M43,53.48,-2.15
M44,53.44,-2.43
M45,53.53,-2.29
M46,53.52,-2.49
M5,53.48,-2.28
M50,53.48,-2.33
M52,53.44,-2.21
M6,53.48,-2.28
M60,53.49,-2.23
M61,53.48,-2.24
M7,53.5,-2.25
M8,53.51,-2.24
M9,53.54,-2.23
M90,53.36,-2.27
M99,53.49,-2.23
ME1,51.39,0.51
ME10,51.34,0.73
ME11,51.42,0.74
ME12,51.44,0.76
ME13,51.29,0.85
ME14,51.28,0.52
ME15,51.24,0.52
ME16,51.28,0.5
ME17,51.26,0.7
ME18,51.27,0.38
ME19,51.28,0.4
ME2,51.37,0.46
ME20,51.32,0.43
ME3,51.45,0.68
ME4,51.41,0.55
ME5,51.37,0.55
ME6,51.33,0.44
ME7,51.39,0.55
ME8,51.37,0.59
ME9,51.32,0.74
ME99,51.39,0.5
MK1,52.01,-0.73
MK10,52.03,-0.69
MK11,52.06,-0.85
MK12,52.06,-0.81
MK13,52.07,-0.79
MK14,52.08,-0.75
MK15,52.04,-0.73
MK16,52.06,-0.7
MK17,51.98,-0.76
MK18,52,-0.99
MK19,52.06,-0.86
MK2,51.99,-0.73
MK3,51.99,-0.74
MK4,52.01,-0.75
MK40,52.13,-0.48
MK41,52.14,-0.43
MK42,52.13,-0.46
MK43,52.08,-0.6
MK44,52.25,-0.53
MK45,52.02,-0.5
MK46,52.15,-0.7
MK5,52.02,-0.8
MK6,52.03,-0.77
MK7,52.02,-0.71
MK77,52.04,-0.82
MK8,52.03,-0.79
MK9,52.04,-0.77
MK98,52.06,-0.76
ML1,55.79,-3.99
ML10,55.68,-4.07
ML11,55.63,-3.88
ML12,55.62,-3.52
ML2,55.78,-3.94
ML3,55.78,-4.05
ML4,55.82,-4.02
ML5,55.86,-4.03
ML6,55.87,-3.98
ML7,55.82,-3.81
ML8,55.73,-3.84
ML9,55.74,-3.97
N1,51.54,-0.12
N10,51.6,-0.15
N11,51.62,-0.13
N12,51.61,-0.17
N13,51.62,-0.11
N14,51.64,-0.14
N15,51.58,-0.09
N16,51.57,-0.08
N17,51.6,-0.07
N18,51.61,-0.09
N19,51.57,-0.13
N1C,51.54,-0.12
N1P,51.54,-0.1
N2,51.59,-0.17
N20,51.63,-0.16
N21,51.64,-0.1
N22,51.6,-0.13
N3,51.61,-0.19
N4,51.58,-0.1
N5,51.55,-0.1
N6,51.57,-0.15
N7,51.56,-0.13
N8,51.58,-0.1
N81,51.59,-0.11
N9,51.63,-0.05
NE1,54.97,-1.62
NE10,54.95,-1.57
NE11,54.94,-1.63
NE12,55.03,-1.56
NE13,55.05,-1.63
NE15,55.02,-1.77
NE16,54.95,-1.69
NE17,54.92,-1.82
NE18,55.04,-1.83
NE19,55.23,-2.1
NE2,54.98,-1.6
NE20,55.06,-1.75
NE21,54.93,-1.74
NE22,55.13,-1.59
NE23,55.09,-1.6
NE24,55.13,-1.51
NE25,55.07,-1.52
NE26,55.04,-1.45
NE27,55.04,-1.52
NE28,55,-1.5
NE29,55.01,-1.45
NE3,55,-1.62
NE30,55.01,-1.44
NE31,54.97,-1.52
NE32,54.98,-1.49
NE33,55,-1.43
NE34,54.98,-1.45
NE35,54.98,-1.49
NE36,54.94,-1.43
NE37,54.91,-1.54
NE38,54.9,-1.56
NE39,54.93,-1.73
NE4,54.98,-1.64
NE40,54.97,-1.77
NE41,54.98,-1.82
NE42,54.96,-1.85
NE43,54.95,-1.93
NE44,54.96,-1.99
NE45,54.97,-2.02
NE46,54.97,-2.1
NE47,54.91,-2.04
NE48,55.18,-2.44
NE49,54.97,-2.46
NE5,54.99,-1.71
NE6,54.98,-1.58
NE61,55.17,-1.69
NE62,55.16,-1.6
NE63,55.18,-1.57
NE64,55.19,-1.51
NE65,55.34,-1.58
NE66,55.41,-1.71
NE67,55.55,-1.67
NE68,55.58,-1.67
NE69,55.61,-1.72
NE7,55,-1.59
NE70,55.55,-1.79
NE71,55.55,-2.01
NE8,54.96,-1.6
NE82,54.93,-1.62
NE83,54.93,-1.62
NE85,54.9,-1.49
NE88,54.94,-1.61
NE89,54.9,-1.54
NE9,54.94,-1.6
NE92,54.94,-1.61
NE98,55,-1.58
NE99,54.97,-1.61
NG1,52.96,-1.14
NG10,52.9,-1.27
NG11,52.89,-1.22
NG12,52.95,-1.04
NG13,52.94,-0.81
NG14,52.98,-1.04
NG15,53.08,-1.23
NG16,52.99,-1.22
NG17,53.12,-1.26
NG18,53.14,-1.19
NG19,53.15,-1.17
NG2,52.95,-1.15
NG20,53.2,-1.15
NG21,53.12,-1.12
NG22,53.17,-0.95
NG23,53.03,-0.74
NG24,53.08,-0.81
NG25,53.08,-0.96
NG3,52.96,-1.15
NG31,52.91,-0.64
NG32,52.9,-0.68
NG33,52.89,-0.57
NG34,52.96,-0.38
NG4,52.96,-1.1
NG5,53,-1.14
NG6,52.98,-1.18
NG7,52.95,-1.16
NG70,53.14,-1.19
NG8,52.95,-1.19
NG80,52.93,-1.2
NG9,52.93,-1.22
NG90,52.93,-1.2
NN1,52.25,-0.9
NN10,52.29,-0.6
NN11,52.26,-1.16
NN12,52.13,-1
NN13,52.03,-1.15
NN14,52.44,-0.69
NN15,52.39,-0.69
NN16,52.41,-0.7
NN17,52.49,-0.7
NN18,52.49,-0.72
NN2,52.25,-0.81
NN29,52.28,-0.64
NN3,52.25,-0.81
NN4,52.23,-0.86
NN5,52.24,-0.95
NN6,52.29,-0.84
NN7,52.23,-0.83
NN8,52.3,-0.69
NN9,52.33,-0.71
NN99,52.24,-0.9
NP1,51.59,-3.05
NP10,51.59,-3.05
NP11,51.7,-3.16
NP12,51.68,-3.19
NP13,51.73,-3.13
NP15,51.7,-2.9
NP16,51.63,-2.67
NP18,51.61,-2.95
NP19,51.59,-2.99
NP2,51.68,-3.19
NP20,51.59,-3
NP22,51.79,-3.28
NP23,51.8,-3.18
NP24,51.72,-3.24
NP25,51.83,-2.71
NP26,51.61,-2.85
NP3,51.73,-3.13
NP4,51.74,-2.97
NP44,51.66,-3.03
NP5,51.7,-2.9
NP6,51.61,-2.95
NP7,51.83,-3.08
NP8,51.86,-3.14
NP9,51.59,-2.99
NPT,51.59,-2.99
NR1,52.63,1.31
NR10,52.72,1.3
NR11,52.79,1.25
NR12,52.85,1.48
NR13,52.64,1.55
NR14,52.52,1.6
NR15,52.56,1.41
NR16,52.53,1.16
NR17,52.51,1
NR18,52.57,1.11
NR19,52.64,0.97
NR2,52.63,1.29
NR20,52.66,1.03
NR21,52.88,0.95
NR22,52.89,0.87
NR23,52.95,0.85
NR24,52.87,1.08
NR25,52.91,1.09
NR26,52.94,1.21
NR27,52.9,1.34
NR28,52.82,1.34
NR29,52.66,1.64
NR3,52.64,1.3
NR30,52.61,1.72
NR31,52.61,1.72
NR32,52.48,1.75
NR33,52.47,1.75
NR34,52.48,1.63
NR35,52.46,1.43
NR4,52.6,1.24
NR5,52.65,1.23
NR6,52.66,1.25
NR7,52.63,1.34
NR8,52.66,1.21
NR9,52.63,1.19
NR99,52.63,1.31
NW1,51.54,-0.14
NW10,51.56,-0.25
NW11,51.58,-0.2
NW1W,51.53,-0.14
NW2,51.56,-0.21
NW26,51.53,-0.14
NW3,51.56,-0.18
NW4,51.59,-0.22
NW5,51.55,-0.14
NW6,51.55,-0.19
NW7,51.62,-0.24
NW8,51.54,-0.18
NW9,51.58,-0.26
OL1,53.54,-2.1
OL10,53.59,-2.22
OL11,53.61,-2.15
OL12,53.63,-2.16
OL13,53.7,-2.2
OL14,53.71,-2.1
OL15,53.63,-2.12
OL16,53.62,-2.16
OL2,53.56,-2.12
OL3,53.56,-2.01
OL4,53.54,-2.1
OL5,53.51,-2.04
OL6,53.49,-2.09
OL7,53.49,-2.11
OL8,53.53,-2.12
OL9,53.55,-2.14
OL95,53.56,-2.11
OX1,51.75,-1.27
OX10,51.6,-1.13
OX11,51.6,-1.26
OX12,51.6,-1.42
OX13,51.68,-1.42
OX14,51.67,-1.3
OX15,51.99,-1.37
OX16,52.06,-1.34
OX17,52.1,-1.3
OX18,51.77,-1.59
OX2,51.75,-1.27
OX20,51.86,-1.36
OX25,51.85,-1.11
OX26,51.9,-1.17
OX27,51.91,-1.08
OX28,51.79,-1.46
OX29,51.79,-1.52
OX3,51.76,-1.23
OX33,51.75,-1.14
OX39,51.72,-0.93
OX4,51.75,-1.24
OX44,51.72,-1.21
OX49,51.61,-1
OX5,51.82,-1.29
OX6,51.9,-1.12
OX7,51.86,-1.36
OX8,51.77,-1.39
OX9,51.75,-0.98
PA1,55.85,-4.42
PA10,55.83,-4.53
PA11,55.86,-4.58
PA12,55.8,-4.63
PA13,55.89,-4.63
PA14,55.93,-4.69
PA15,55.95,-4.75
PA16,55.92,-4.84
PA17,55.87,-4.89
PA18,55.88,-4.89
PA19,55.95,-4.84
PA2,55.82,-4.47
PA20,55.84,-5.06
PA21,55.89,-5.25
PA22,56.01,-5.21
PA23,55.95,-4.93
PA24,56.17,-4.9
PA25,56.22,-5.03
PA26,56.25,-4.94
PA27,56.17,-5.06
PA28,55.42,-5.61
PA29,55.86,-5.42
PA3,55.84,-4.46
PA30,56.01,-5.45
PA31,56.03,-5.43
PA32,56.23,-5.07
PA33,56.4,-4.98
PA34,56.41,-5.47
PA35,56.43,-5.23
PA36,56.49,-4.8
PA37,56.48,-5.4
PA38,56.54,-5.34
PA39,56.68,-5.12
PA4,55.87,-4.39
PA40,56.72,-4.97
PA41,55.68,-5.74
PA42,55.7,-6.22
PA43,55.76,-6.29
PA44,55.78,-6.25
PA45,55.82,-6.14
PA46,55.85,-6.11
PA47,55.68,-6.5
PA48,55.74,-6.38
PA49,55.77,-6.36
PA5,55.83,-4.5
PA6,55.85,-4.52
PA60,55.84,-5.95
PA61,56.08,-6.18
PA62,56.36,-5.85
PA63,56.38,-5.72
PA64,56.44,-5.69
PA65,56.46,-5.7
PA66,56.32,-6.36
PA67,56.32,-6.24
PA68,56.42,-6.14
PA69,56.38,-6.06
PA7,55.9,-4.5
PA70,56.37,-6.01
PA71,56.49,-5.98
PA72,56.52,-5.94
PA73,56.5,-6.14
PA74,56.53,-6.23
PA75,56.62,-6.08
PA76,56.33,-6.39
PA77,56.51,-6.8
PA78,56.62,-6.53
PA8,55.9,-4.47
PA80,56.54,-5.78
PA81,57.09,-7.3
PA82,57.6,-7.16
PA83,57.77,-7.01
PA84,57.87,-6.7
PA85,57.99,-6.75
PA86,58.22,-6.35
PA87,58.21,-6.38
PA88,57.47,-7.37
PA9,55.82,-4.52
PA98,55.86,-4.43
PE1,52.58,-0.25
PE10,52.78,-0.39
PE11,52.79,-0.15
PE12,52.8,0.1
PE13,52.66,0.16
PE14,52.64,0.17
PE15,52.58,0.05
PE16,52.45,0.05
PE17,52.45,-0.11
PE18,52.33,-0.3
PE19,52.23,-0.26
PE2,52.56,-0.27
PE20,52.94,-0.03
PE21,52.97,-0.01
PE22,53.01,0.11
PE23,53.15,0.07
PE24,53.11,0.24
PE25,53.15,0.34
PE26,52.45,-0.11
PE27,52.34,-0.08
PE28,52.33,-0.3
PE29,52.34,-0.17
PE3,52.57,-0.25
PE30,52.76,0.4
PE31,52.79,0.46
PE32,52.77,0.55
PE33,52.66,0.38
PE34,52.73,0.38
PE35,52.82,0.49
PE36,52.93,0.49
PE37,52.65,0.69
PE38,52.58,0.4
PE4,52.62,-0.27
PE5,52.58,-0.35
PE6,52.66,-0.17
PE7,52.55,-0.25
PE8,52.48,-0.47
PE9,52.65,-0.48
PE99,52.61,-0.29
PH1,56.4,-3.45
PH10,56.59,-3.34
PH11,56.62,-3.23
PH12,56.59,-3.16
PH13,56.55,-3.27
PH14,56.44,-3.16
PH15,56.62,-3.86
PH16,56.7,-3.72
PH17,56.69,-4.58
PH18,56.77,-3.85
PH19,56.94,-4.24
PH2,56.38,-3.44
PH20,57.07,-4.12
PH21,57.13,-3.93
PH22,57.2,-3.82
PH23,57.28,-3.81
PH24,57.25,-3.76
PH25,57.26,-3.64
PH26,57.3,-3.66
PH3,56.3,-3.71
PH30,56.79,-4.6
PH31,56.89,-4.84
PH32,57.14,-4.68
PH33,56.82,-5.11
PH34,56.96,-4.91
PH35,57.07,-4.8
PH36,56.7,-5.57
PH37,56.87,-5.46
PH38,56.87,-5.67
PH39,56.91,-5.84
PH4,56.26,-3.78
PH40,56.97,-5.82
PH41,56.84,-6.23
PH42,56.9,-6.14
PH43,57.02,-6.28
PH44,57.06,-6.5
PH49,56.68,-5.12
PH5,56.33,-3.84
PH50,56.72,-4.97
PH6,56.36,-4
PH7,56.37,-3.84
PH8,56.56,-3.58
PH9,56.65,-3.68
PL1,50.38,-4.15
PL10,50.35,-4.22
PL11,50.38,-4.2
PL12,50.41,-4.23
PL13,50.35,-4.45
PL14,50.45,-4.46
PL15,50.63,-4.38
PL16,50.64,-4.28
PL17,50.51,-4.3
PL18,50.51,-4.21
PL19,50.55,-4.14
PL2,50.38,-4.17
PL20,50.49,-4.09
PL21,50.39,-3.92
PL22,50.41,-4.67
PL23,50.34,-4.63
PL24,50.35,-4.69
PL25,50.35,-4.78
PL26,50.33,-4.77
PL27,50.52,-4.83
PL28,50.54,-4.94
PL29,50.59,-4.83
PL3,50.38,-4.16
PL30,50.48,-4.77
PL31,50.47,-4.72
PL32,50.62,-4.68
PL33,50.63,-4.73
PL34,50.66,-4.75
PL35,50.69,-4.69
PL4,50.37,-4.14
PL5,50.4,-4.18
PL6,50.41,-4.12
PL7,50.39,-4.06
PL8,50.31,-4.04
PL9,50.34,-4.11
PL95,50.44,-4.11
PO1,50.8,-1.09
PO10,50.85,-0.94
PO11,50.79,-0.99
PO12,50.8,-1.12
PO13,50.83,-1.17
PO14,50.85,-1.19
PO15,50.85,-1.2
PO16,50.85,-1.18
PO17,50.9,-1.18
PO18,50.86,-0.78
PO19,50.83,-0.78
PO2,50.81,-1.08
PO20,50.73,-0.79
PO21,50.79,-0.68
PO22,50.83,-0.62
PO3,50.81,-1.06
PO30,50.7,-1.3
PO31,50.76,-1.3
PO32,50.76,-1.29
PO33,50.72,-1.14
PO34,50.72,-1.11
PO35,50.69,-1.08
PO36,50.67,-1.14
PO37,50.63,-1.18
PO38,50.6,-1.21
PO39,50.69,-1.53
PO4,50.8,-1.07
PO40,50.68,-1.53
PO41,50.71,-1.47
PO5,50.79,-1.08
PO6,50.85,-1.03
PO7,50.88,-1.04
PO8,50.91,-0.99
PO9,50.85,-0.98
PR0,53.76,-2.68
PR1,53.75,-2.73
PR11,53.76,-2.68
PR2,53.75,-2.71
PR25,53.69,-2.71
PR26,53.71,-2.7
PR3,53.95,-2.77
PR4,53.79,-2.75
PR5,53.73,-2.62
PR6,53.65,-2.63
PR7,53.65,-2.63
PR8,53.65,-3
PR9,53.65,-3
RG1,51.46,-0.97
RG10,51.48,-0.86
RG11,51.41,-0.84
RG12,51.42,-0.77
RG13,51.4,-1.33
RG14,51.4,-1.32
RG15,51.35,-1.4
RG16,51.5,-1.29
RG17,51.41,-1.52
RG18,51.49,-1.24
RG19,51.4,-1.29
RG2,51.42,-0.97
RG20,51.35,-1.4
RG21,51.28,-1.11
RG22,51.25,-1.1
RG23,51.25,-1.18
RG24,51.26,-1.04
RG25,51.26,-0.94
RG26,51.34,-1.13
RG27,51.32,-1.02
RG28,51.23,-1.34
RG29,51.26,-0.94
RG3,51.46,-0.99
RG30,51.46,-0.99
RG31,51.44,-1.05
RG4,51.47,-0.97
RG40,51.41,-0.84
RG41,51.41,-0.84
RG42,51.42,-0.77
RG45,51.37,-0.82
RG5,51.46,-0.92
RG6,51.46,-0.95
RG7,51.39,-0.97
RG8,51.52,-1.13
RG9,51.54,-0.9
RH1,51.24,-0.16
RH10,51.12,-0.19
RH11,51.12,-0.2
RH12,51.1,-0.24
RH13,51.05,-0.32
RH14,51.04,-0.52
RH15,50.95,-0.13
RH16,51.01,-0.1
RH17,51.01,-0.1
RH18,51.1,0.03
RH19,51.13,-0.01
RH2,51.24,-0.2
RH20,50.96,-0.51
RH3,51.24,-0.26
RH4,51.23,-0.33
RH5,51.23,-0.32
RH6,51.17,-0.18
RH7,51.17,-0.02
RH77,51.14,-0.17
RH8,51.26,-0.01
RH9,51.25,-0.07
RM1,51.58,0.18
RM10,51.55,0.17
RM11,51.57,0.19
RM12,51.56,0.19
RM13,51.52,0.19
RM14,51.56,0.25
RM15,51.5,0.26
RM16,51.48,0.3
RM17,51.49,0.32
RM18,51.46,0.35
RM19,51.48,0.32
RM2,51.58,0.19
RM20,51.49,0.28
RM3,51.59,0.21
RM4,51.65,0.14
RM5,51.6,0.16
RM50,51.57,0.17
RM6,51.57,0.13
RM7,51.57,0.18
RM8,51.56,0.15
RM9,51.54,0.12
S1,53.38,-1.46
S10,53.37,-1.53
S11,53.36,-1.51
S12,53.36,-1.43
S13,53.36,-1.39
S14,53.34,-1.45
S17,53.34,-1.55
S18,53.3,-1.45
S19,53.33,-1.36
S2,53.37,-1.42
S20,53.35,-1.34
S21,53.32,-1.32
S25,53.39,-1.22
S26,53.36,-1.26
S3,53.39,-1.47
S30,53.32,-1.7
S31,53.36,-1.3
S32,53.33,-1.65
S33,53.35,-1.69
S35,53.43,-1.54
S36,53.48,-1.59
S4,53.4,-1.46
S40,53.24,-1.43
S41,53.22,-1.41
S42,53.2,-1.4
S43,53.26,-1.4
S44,53.23,-1.39
S45,53.16,-1.48
S49,53.24,-1.43
S5,53.44,-1.45
S6,53.43,-1.49
S60,53.43,-1.36
S61,53.43,-1.37
S62,53.46,-1.34
S63,53.55,-1.31
S64,53.5,-1.28
S65,53.43,-1.36
S66,53.42,-1.28
S7,53.37,-1.49
S70,53.55,-1.48
S71,53.55,-1.48
S72,53.55,-1.35
S73,53.52,-1.4
S74,53.5,-1.46
S75,53.56,-1.49
S8,53.36,-1.48
S80,53.3,-1.12
S81,53.31,-1.12
S9,53.41,-1.43
S95,53.4,-1.43
S96,53.4,-1.42
S97,53.51,-1.33
S98,53.4,-1.43
S99,53.4,-1.43
SA1,51.65,-3.92
SA10,51.66,-3.85
SA11,51.66,-3.81
SA12,51.59,-3.8
SA13,51.59,-3.78
SA14,51.76,-4.12
SA15,51.68,-4.16
SA16,51.69,-4.25
SA17,51.72,-4.24
SA18,51.81,-3.87
SA19,51.89,-3.99
SA2,51.62,-3.97
SA20,51.99,-3.8
SA3,51.59,-4.2
SA31,51.86,-4.31
SA32,51.89,-4.27
SA33,51.82,-4.5
SA34,51.82,-4.62
SA35,51.98,-4.49
SA36,51.96,-4.61
SA37,52.03,-4.58
SA38,52.04,-4.47
SA39,52,-4.26
SA4,51.75,-4.05
SA40,52.07,-4.15
SA41,52.03,-4.68
SA42,52.02,-4.83
SA43,52.09,-4.66
SA44,52.04,-4.31
SA45,52.21,-4.36
SA46,52.24,-4.26
SA47,52.19,-4.31
SA48,52.11,-4.08
SA5,51.64,-3.98
SA6,51.68,-3.91
SA61,51.8,-4.97
SA62,51.79,-5.02
SA63,51.85,-4.88
SA64,52,-5
SA65,52,-4.98
SA66,51.83,-4.73
SA67,51.8,-4.74
SA68,51.73,-4.75
SA69,51.71,-4.7
SA7,51.67,-3.91
SA70,51.67,-4.7
SA71,51.67,-4.91
SA72,51.69,-4.92
SA73,51.72,-5.02
SA8,51.72,-3.85
SA80,51.65,-3.92
SA9,51.77,-3.77
SA99,51.67,-3.95
SE1,51.5,-0.1
SE10,51.49,0.01
SE11,51.49,-0.11
SE12,51.45,0.01
SE13,51.46,-0.01
SE14,51.47,-0.05
SE15,51.48,-0.07
SE16,51.49,-0.04
SE17,51.49,-0.09
SE18,51.48,0.08
SE19,51.42,-0.09
SE1P,51.49,-0.08
SE2,51.48,0.12
SE20,51.41,-0.06
SE21,51.43,-0.09
SE22,51.45,-0.07
SE23,51.44,-0.05
SE24,51.46,-0.09
SE25,51.4,-0.08
SE26,51.43,-0.05
SE27,51.44,-0.11
SE28,51.49,0.09
SE3,51.47,0.02
SE4,51.45,-0.03
SE5,51.48,-0.09
SE6,51.45,-0.01
SE7,51.48,0.03
SE8,51.49,-0.03
SE9,51.45,0.06
SE99,51.48,-0.08
SG1,51.9,-0.2
SG10,51.85,0.06
SG11,51.85,-0.02
SG12,51.81,-0.04
SG13,51.8,-0.01
SG14,51.8,-0.08
SG15,52.01,-0.26
SG16,52.03,-0.29
SG17,52.04,-0.33
SG18,52.09,-0.27
SG19,52.13,-0.29
SG2,51.91,-0.18
SG3,51.86,-0.18
SG4,51.96,-0.27
SG5,51.95,-0.28
SG6,51.99,-0.22
SG7,51.91,-0.16
SG8,52.11,-0.05
SG9,51.95,0.01
SK1,53.41,-2.16
SK10,53.26,-2.13
SK11,53.27,-2.09
SK12,53.35,-2.12
SK13,53.45,-1.99
SK14,53.45,-2.08
SK15,53.48,-2.05
SK16,53.48,-2.08
SK17,53.2,-1.86
SK2,53.4,-2.14
SK22,53.38,-1.97
SK23,53.33,-1.91
SK3,53.39,-2.19
SK4,53.41,-2.16
SK5,53.44,-2.16
SK6,53.42,-2.1
SK7,53.36,-2.17
SK8,53.39,-2.22
SK9,53.33,-2.23
SL0,51.52,-0.51
SL1,51.51,-0.58
SL2,51.53,-0.61
SL3,51.48,-0.52
SL4,51.48,-0.61
SL5,51.4,-0.65
SL6,51.53,-0.7
SL60,51.52,-0.71
SL7,51.57,-0.78
SL8,51.58,-0.71
SL9,51.61,-0.55
SL95,51.51,-0.58
SM1,51.36,-0.19
SM2,51.35,-0.19
SM3,51.37,-0.16
SM4,51.38,-0.22
SM5,51.38,-0.18
SM6,51.37,-0.15
SM7,51.32,-0.21
SN1,51.56,-1.79
SN10,51.35,-1.99
SN11,51.43,-2
SN12,51.37,-2.13
SN13,51.43,-2.2
SN14,51.46,-2.13
SN15,51.47,-2.12
SN16,51.58,-2.1
SN17,51.55,-1.84
SN2,51.57,-1.78
SN25,51.6,-1.83
SN26,51.61,-1.79
SN3,51.56,-1.77
SN38,51.56,-1.79
SN4,51.56,-1.71
SN5,51.59,-1.91
SN6,51.64,-1.86
SN7,51.66,-1.58
SN8,51.42,-1.73
SN9,51.42,-1.73
SN99,51.55,-1.72
SO1,50.9,-1.4
SO14,50.91,-1.4
SO15,50.91,-1.44
SO16,50.94,-1.49
SO17,50.92,-1.4
SO18,50.92,-1.38
SO19,50.9,-1.33
SO2,50.91,-1.4
SO20,51.15,-1.44
SO21,51.09,-1.29
SO22,51.06,-1.33
SO23,51.07,-1.3
SO24,51.08,-1.14
SO25,51.07,-1.3
SO3,50.95,-1.21
SO30,50.9,-1.3
SO31,50.87,-1.27
SO32,50.95,-1.21
SO4,50.79,-1.61
SO40,50.93,-1.51
SO41,50.76,-1.62
SO42,50.82,-1.57
SO43,50.87,-1.58
SO45,50.8,-1.33
SO5,50.97,-1.52
SO50,50.98,-1.37
SO51,51.06,-1.55
SO52,50.98,-1.44
SO53,51,-1.39
SO9,50.9,-1.4
SO97,50.95,-1.36
SP1,51.07,-1.8
SP10,51.21,-1.48
SP11,51.28,-1.45
SP2,51.1,-1.87
SP3,51.08,-1.92
SP4,51.15,-1.71
SP5,51.06,-1.68
SP6,50.93,-1.79
SP7,51,-2.23
SP8,51.04,-2.27
SP9,51.23,-1.67
SR1,54.91,-1.38
SR2,54.87,-1.37
SR3,54.89,-1.4
SR4,54.91,-1.42
SR43,54.91,-1.43
SR5,54.91,-1.38
SR6,54.91,-1.38
SR7,54.84,-1.35
SR8,54.76,-1.33
SR88,54.76,-1.33
SR9,54.9,-1.36
SS0,51.55,0.68
SS1,51.54,0.71
SS11,51.61,0.52
SS12,51.61,0.52
SS13,51.59,0.51
SS14,51.57,0.46
SS15,51.59,0.43
SS16,51.56,0.47
SS17,51.52,0.44
SS2,51.55,0.72
SS22,51.56,0.71
SS3,51.55,0.81
SS4,51.58,0.71
SS5,51.6,0.66
SS6,51.58,0.6
SS7,51.56,0.58
SS8,51.52,0.59
SS9,51.55,0.65
SS99,51.53,0.73
ST1,53.02,-2.17
ST10,52.99,-1.99
ST11,52.96,-2.04
ST12,52.95,-2.16
ST13,53.11,-2.03
ST14,52.91,-1.86
ST15,52.89,-2.15
ST16,52.8,-2.12
ST17,52.79,-2.09
ST18,52.81,-2.08
ST19,52.73,-2.12
ST2,53.01,-2.13
ST20,52.74,-2.21
ST21,52.86,-2.25
ST3,53,-2.13
ST4,53,-2.18
ST5,53.04,-2.22
ST55,53.02,-2.25
ST6,53.05,-2.2
ST7,53.09,-2.24
ST8,53.12,-2.18
ST9,53.04,-2.05
SW10,51.48,-0.18
SW11,51.46,-0.16
SW12,51.45,-0.14
SW13,51.47,-0.25
SW14,51.46,-0.27
SW15,51.46,-0.22
SW16,51.44,-0.13
SW17,51.43,-0.18
SW18,51.46,-0.19
SW19,51.42,-0.19
SW1A,51.5,-0.12
SW1E,51.5,-0.14
SW1H,51.5,-0.14
SW1P,51.5,-0.14
SW1V,51.5,-0.14
SW1W,51.5,-0.15
SW1X,51.5,-0.16
SW1Y,51.51,-0.13
SW2,51.45,-0.12
SW20,51.42,-0.25
SW3,51.5,-0.16
SW4,51.46,-0.15
SW5,51.48,-0.18
SW6,51.48,-0.2
SW7,51.5,-0.17
SW8,51.48,-0.12
SW9,51.47,-0.11
SW95,51.48,-0.14
SW99,51.48,-0.12
SY1,52.71,-2.75
SY10,52.82,-3.29
SY11,52.86,-3.06
SY12,52.91,-2.9
SY13,52.97,-2.68
SY14,53.02,-2.78
SY15,52.54,-3.08
SY16,52.51,-3.31
SY17,52.49,-3.43
SY18,52.45,-3.54
SY19,52.61,-3.63
SY2,52.7,-2.73
SY20,52.59,-3.84
SY21,52.63,-3.37
SY22,52.77,-3.27
SY23,52.41,-4.08
SY24,52.45,-4.02
SY25,52.29,-3.9
SY3,52.67,-2.78
SY4,52.73,-2.86
SY5,52.64,-2.93
SY6,52.53,-2.81
SY7,52.36,-2.95
SY8,52.37,-2.72
SY9,52.49,-3
SY99,52.71,-2.75
TA1,51.02,-3.11
TA10,51.01,-2.89
TA11,51.06,-2.71
TA12,50.98,-2.77
TA13,50.95,-2.81
TA14,50.94,-2.76
TA15,50.96,-2.72
TA16,50.91,-2.8
TA17,50.91,-2.83
TA18,50.89,-2.8
TA19,50.93,-2.91
TA2,51.03,-3.12
TA20,50.88,-2.96
TA21,50.99,-3.24
TA22,51.03,-3.54
TA23,51.18,-3.33
TA24,51.22,-3.58
TA3,51.01,-3.07
TA4,51.03,-3.17
TA5,51.13,-3.1
TA6,51.13,-3
TA7,51.11,-2.98
TA8,51.23,-3
TA9,51.22,-2.97
TD1,55.62,-2.81
TD10,55.71,-2.46
TD11,55.78,-2.35
TD12,55.65,-2.25
TD13,55.94,-2.36
TD14,55.87,-2.09
TD15,55.77,-2
TD2,55.72,-2.76
TD3,55.68,-2.56
TD4,55.63,-2.67
TD5,55.6,-2.43
TD6,55.57,-2.65
TD7,55.55,-2.84
TD8,55.48,-2.56
TD9,55.42,-2.79
TF1,52.7,-2.52
TF10,52.77,-2.38
TF11,52.67,-2.38
TF12,52.61,-2.48
TF13,52.6,-2.56
TF2,52.69,-2.46
TF3,52.66,-2.44
TF4,52.66,-2.47
TF5,52.72,-2.54
TF6,52.7,-2.54
TF7,52.63,-2.44
TF8,52.63,-2.48
TF9,52.9,-2.48
TN1,51.13,0.26
TN10,51.2,0.28
TN11,51.21,0.31
TN12,51.16,0.55
TN13,51.27,0.19
TN14,51.29,0.2
TN15,51.29,0.21
TN16,51.27,0.07
TN17,51.11,0.46
TN18,51.05,0.51
TN19,51.01,0.44
TN2,51.15,0.28
TN20,51.02,0.26
TN21,50.97,0.25
TN22,50.97,0.1
TN23,51.15,0.87
TN24,51.13,0.9
TN25,51.17,0.87
TN26,51.15,0.88
TN27,51.21,0.8
TN28,50.99,0.94
TN29,51.03,1
TN3,51.13,0.22
TN30,51.07,0.69
TN31,50.95,0.72
TN32,50.99,0.48
TN33,50.92,0.49
TN34,50.86,0.58
TN35,50.88,0.64
TN36,50.92,0.71
TN37,50.85,0.56
TN38,50.85,0.54
TN39,50.83,0.43
TN4,51.16,0.26
TN40,50.84,0.47
TN5,51.06,0.34
TN6,51.06,0.16
TN7,51.1,0.11
TN8,51.2,0.06
TN9,51.19,0.29
TQ1,50.46,-3.53
TQ10,50.43,-3.83
TQ11,50.48,-3.78
TQ12,50.53,-3.6
TQ13,50.6,-3.59
TQ14,50.54,-3.51
TQ2,50.47,-3.54
TQ3,50.45,-3.59
TQ4,50.44,-3.57
TQ5,50.38,-3.52
TQ6,50.35,-3.57
TQ7,50.28,-3.78
TQ8,50.23,-3.78
TQ9,50.43,-3.68
TR1,50.26,-5.05
TR10,50.17,-5.11
TR11,50.16,-5.07
TR12,50.08,-5.21
TR13,50.14,-5.31
TR14,50.22,-5.3
TR15,50.23,-5.23
TR16,50.25,-5.23
TR17,50.13,-5.49
TR18,50.12,-5.54
TR19,50.1,-5.58
TR2,50.28,-4.99
TR20,50.14,-5.48
TR21,50.12,-5.54
TR22,49.89,-6.34
TR23,49.95,-6.35
TR24,49.95,-6.34
TR25,49.96,-6.28
TR26,50.21,-5.48
TR27,50.18,-5.42
TR3,50.25,-5.06
TR4,50.28,-5.24
TR5,50.31,-5.18
TR6,50.35,-5.14
TR7,50.41,-5.09
TR8,50.44,-5.04
TR9,50.44,-4.94
TR93,50.13,-5.5
TS1,54.58,-1.24
TS10,54.62,-1.07
TS11,54.59,-1.02
TS12,54.58,-0.97
TS13,54.56,-0.91
TS14,54.54,-1.05
TS15,54.45,-1.34
TS16,54.53,-1.35
TS17,54.54,-1.3
TS18,54.56,-1.31
TS19,54.57,-1.32
TS2,54.58,-1.23
TS20,54.59,-1.31
TS21,54.55,-1.36
TS22,54.6,-1.3
TS23,54.6,-1.3
TS24,54.7,-1.21
TS25,54.67,-1.19
TS26,54.68,-1.24
TS27,54.72,-1.25
TS28,54.73,-1.38
TS29,54.72,-1.41
TS3,54.55,-1.2
TS4,54.58,-1.23
TS5,54.56,-1.27
TS6,54.57,-1.17
TS7,54.53,-1.17
TS8,54.5,-1.22
TS9,54.47,-1.19
TS90,54.58,-1.24
TW1,51.45,-0.33
TW10,51.48,-0.28
TW11,51.43,-0.33
TW12,51.43,-0.38
TW13,51.45,-0.42
TW14,51.45,-0.41
TW15,51.43,-0.44
TW16,51.42,-0.41
TW17,51.4,-0.45
TW18,51.43,-0.5
TW19,51.45,-0.55
TW2,51.44,-0.34
TW20,51.44,-0.54
TW3,51.47,-0.36
TW4,51.46,-0.38
TW5,51.48,-0.38
TW6,51.47,-0.46
TW7,51.47,-0.35
TW8,51.48,-0.3
TW9,51.46,-0.3
UB1,51.51,-0.38
UB10,51.54,-0.47
UB11,51.51,-0.44
UB18,51.5,-0.4
UB2,51.51,-0.38
UB3,51.51,-0.42
UB4,51.53,-0.42
UB5,51.55,-0.37
UB6,51.54,-0.34
UB7,51.49,-0.47
UB8,51.54,-0.49
UB9,51.55,-0.49
W1,51.52,-0.15
W10,51.53,-0.22
W11,51.52,-0.2
W12,51.52,-0.24
W13,51.53,-0.33
W14,51.5,-0.22
W1A,51.52,-0.13
W1B,51.52,-0.15
W1C,51.52,-0.15
W1D,51.52,-0.13
W1F,51.51,-0.13
W1G,51.52,-0.15
W1H,51.52,-0.15
W1J,51.51,-0.14
W1K,51.5,-0.15
W1M,51.52,-0.15
W1N,51.51,-0.15
W1P,51.52,-0.14
W1R,51.51,-0.14
W1S,51.51,-0.15
W1T,51.52,-0.13
W1U,51.52,-0.15
W1V,51.51,-0.14
W1W,51.52,-0.14
W1X,51.51,-0.15
W1Y,51.51,-0.14
W2,51.52,-0.18
W3,51.52,-0.27
W4,51.5,-0.25
W5,51.53,-0.3
W6,51.5,-0.23
W7,51.52,-0.34
W8,51.5,-0.19
W9,51.52,-0.18
WA1,53.39,-2.6
WA10,53.45,-2.74
WA11,53.46,-2.7
WA12,53.46,-2.62
WA13,53.38,-2.48
WA14,53.38,-2.35
WA15,53.37,-2.31
WA16,53.3,-2.38
WA2,53.41,-2.56
WA3,53.47,-2.56
WA4,53.38,-2.59
WA5,53.4,-2.61
WA55,53.39,-2.61
WA6,53.27,-2.77
WA7,53.33,-2.69
WA8,53.37,-2.72
WA88,53.37,-2.77
WA9,53.45,-2.72
WC1A,51.52,-0.13
WC1B,51.52,-0.13
WC1E,51.52,-0.13
WC1H,51.52,-0.13
WC1N,51.52,-0.13
WC1R,51.52,-0.12
WC1V,51.52,-0.11
WC1X,51.52,-0.11
WC2A,51.52,-0.11
WC2B,51.51,-0.12
WC2E,51.51,-0.12
WC2H,51.51,-0.13
WC2N,51.51,-0.13
WC2R,51.51,-0.12
WC99,51.52,-0.12
WD1,51.65,-0.42
WD17,51.66,-0.4
WD18,51.65,-0.39
WD19,51.65,-0.38
WD2,51.64,-0.36
WD23,51.64,-0.36
WD24,51.67,-0.4
WD25,51.69,-0.41
WD3,51.64,-0.47
WD4,51.71,-0.45
WD5,51.71,-0.42
WD6,51.65,-0.28
WD7,51.68,-0.32
WD99,51.65,-0.42
WF1,53.68,-1.5
WF10,53.73,-1.35
WF11,53.7,-1.26
WF12,53.67,-1.63
WF13,53.69,-1.63
WF14,53.69,-1.7
WF15,53.71,-1.68
WF16,53.71,-1.67
WF17,53.72,-1.64
WF2,53.69,-1.52
WF3,53.72,-1.57
WF4,53.67,-1.42
WF5,53.66,-1.58
WF6,53.7,-1.42
WF7,53.67,-1.35
WF8,53.69,-1.31
WF9,53.63,-1.3
WF90,53.67,-1.49
WN1,53.55,-2.64
WN2,53.56,-2.61
WN3,53.54,-2.64
WN4,53.5,-2.65
WN5,53.54,-2.69
WN6,53.57,-2.64
WN7,53.5,-2.52
WN8,53.54,-2.75
WR1,52.2,-2.22
WR10,52.11,-2.07
WR11,52.08,-1.94
WR12,52.04,-1.86
WR13,52.13,-2.29
WR14,52.13,-2.31
WR15,52.31,-2.59
WR2,52.19,-2.23
WR3,52.21,-2.23
WR4,52.21,-2.16
WR5,52.19,-2.21
WR6,52.15,-2.44
WR7,52.21,-2.12
WR78,52.2,-2.22
WR8,52.09,-2.24
WR9,52.27,-2.17
WR99,52.19,-2.25
WS1,52.59,-1.98
WS10,52.55,-2.02
WS11,52.69,-2.03
WS12,52.69,-2.03
WS13,52.68,-1.83
WS14,52.67,-1.83
WS15,52.75,-1.93
WS2,52.59,-2.03
WS3,52.61,-1.98
WS4,52.62,-1.95
WS5,52.57,-1.96
WS6,52.66,-2.01
WS7,52.68,-1.92
WS8,52.65,-1.93
WS9,52.6,-1.92
WV1,52.59,-2.11
WV10,52.59,-2.12
WV11,52.62,-2.09
WV12,52.6,-2.04
WV13,52.59,-2.06
WV14,52.57,-2.07
WV15,52.53,-2.41
WV16,52.53,-2.42
WV2,52.58,-2.12
WV3,52.57,-2.14
WV4,52.57,-2.14
WV5,52.52,-2.2
WV6,52.59,-2.15
WV7,52.64,-2.28
WV8,52.63,-2.19
WV9,52.66,-2.14
WV98,52.6,-2.13
WV99,52.67,-2.42
YO1,53.96,-1.09
YO10,53.95,-1.06
YO11,54.28,-0.4
YO12,54.28,-0.42
YO13,54.32,-0.45
YO14,54.21,-0.29
YO15,54.11,-0.15
YO16,54.09,-0.21
YO17,54.13,-0.8
YO18,54.25,-0.78
YO19,53.92,-1.07
YO2,53.95,-1.09
YO21,54.49,-0.62
YO22,54.48,-0.61
YO23,53.95,-1.09
YO24,53.96,-1.09
YO25,54.02,-0.47
YO26,53.96,-1.09
YO3,53.97,-1.06
YO30,54.02,-1.16
YO31,53.97,-1.06
YO32,54.02,-1.09
YO4,53.99,-0.91
YO41,53.99,-0.91
YO42,53.92,-0.8
YO43,53.86,-0.67
YO5,53.86,-1.19
YO51,54.1,-1.4
YO6,54.02,-1.16
YO60,54.13,-0.98
YO61,54.1,-1.11
YO62,54.16,-0.93
YO7,54.23,-1.34
YO8,53.78,-1.07
YO90,53.96,-1.09
YO91,53.97,-1.08
YO95,53.93,-0.82
ZE1,60.15,-1.14
ZE2,60.34,-1.02
ZE3,59.89,-1.31
